exam,subject,chapter,topic,question_type,question,option_a,option_b,option_c,option_d,correct_answer,solution,difficulty,marks,negative_marks,time_seconds,language,year,exam_session,source,tags,status
SSC CGL Tier I,Reasoning,Number series,Arithmetic Series,mcq,"Series: 2, 4, 6, 8, 10, ?",7,14,12,2,C,Common difference is +2. Next term is 10+2=12.,Easy,2,-0.5,60,en,2026,Practice,Original AI,"easy,ap",active
SSC CGL Tier I,Reasoning,Number series,Arithmetic Series,mcq,"Series: 2, 5, 8, 11, 14, ?",7,15,19,17,D,Common difference is +3. Next term is 14+3=17.,Easy,2,-0.5,60,en,2026,Practice,Original AI,"easy,ap",active
SSC CGL Tier I,Reasoning,Number series,Arithmetic Series,mcq,"Series: 2, 6, 10, 14, 18, ?",24,27,22,32,C,Common difference is +4. Next term is 18+4=22.,Easy,2,-0.5,60,en,2026,Practice,Original AI,"easy,ap",active
SSC CGL Tier I,Reasoning,Number series,Arithmetic Series,mcq,"Series: 2, 7, 12, 17, 22, ?",26,22,27,28,C,Common difference is +5. Next term is 22+5=27.,Easy,2,-0.5,60,en,2026,Practice,Original AI,"easy,ap",active
SSC CGL Tier I,Reasoning,Number series,Arithmetic Series,mcq,"Series: 2, 8, 14, 20, 26, ?",32,33,30,22,A,Common difference is +6. Next term is 26+6=32.,Easy,2,-0.5,60,en,2026,Practice,Original AI,"easy,ap",active
SSC CGL Tier I,Reasoning,Number series,Arithmetic Series,mcq,"Series: 2, 9, 16, 23, 30, ?",36,37,35,42,B,Common difference is +7. Next term is 30+7=37.,Easy,2,-0.5,60,en,2026,Practice,Original AI,"easy,ap",active
SSC CGL Tier I,Reasoning,Number series,Arithmetic Series,mcq,"Series: 2, 10, 18, 26, 34, ?",42,32,37,41,A,Common difference is +8. Next term is 34+8=42.,Easy,2,-0.5,60,en,2026,Practice,Original AI,"easy,ap",active
SSC CGL Tier I,Reasoning,Number series,Arithmetic Series,mcq,"Series: 2, 11, 20, 29, 38, ?",49,46,37,47,D,Common difference is +9. Next term is 38+9=47.,Easy,2,-0.5,60,en,2026,Practice,Original AI,"easy,ap",active
SSC CGL Tier I,Reasoning,Number series,Arithmetic Series,mcq,"Series: 2, 12, 22, 32, 42, ?",53,52,54,57,B,Common difference is +10. Next term is 42+10=52.,Easy,2,-0.5,60,en,2026,Practice,Original AI,"easy,ap",active
SSC CGL Tier I,Reasoning,Number series,Arithmetic Series,mcq,"Series: 2, 13, 24, 35, 46, ?",67,57,58,47,B,Common difference is +11. Next term is 46+11=57.,Easy,2,-0.5,60,en,2026,Practice,Original AI,"easy,ap",active
SSC CGL Tier I,Reasoning,Number series,Arithmetic Series,mcq,"Series: 2, 14, 26, 38, 50, ?",62,61,52,64,A,Common difference is +12. Next term is 50+12=62.,Easy,2,-0.5,60,en,2026,Practice,Original AI,"easy,ap",active
SSC CGL Tier I,Reasoning,Number series,Arithmetic Series,mcq,"Series: 2, 15, 28, 41, 54, ?",68,77,67,66,C,Common difference is +13. Next term is 54+13=67.,Easy,2,-0.5,60,en,2026,Practice,Original AI,"easy,ap",active
SSC CGL Tier I,Reasoning,Number series,Arithmetic Series,mcq,"Series: 2, 16, 30, 44, 58, ?",77,72,74,70,B,Common difference is +14. Next term is 58+14=72.,Easy,2,-0.5,60,en,2026,Practice,Original AI,"easy,ap",active
SSC CGL Tier I,Reasoning,Number series,Arithmetic Series,mcq,"Series: 2, 17, 32, 47, 62, ?",75,77,82,76,B,Common difference is +15. Next term is 62+15=77.,Easy,2,-0.5,60,en,2026,Practice,Original AI,"easy,ap",active
SSC CGL Tier I,Reasoning,Number series,Arithmetic Series,mcq,"Series: 2, 18, 34, 50, 66, ?",87,72,82,84,C,Common difference is +16. Next term is 66+16=82.,Easy,2,-0.5,60,en,2026,Practice,Original AI,"easy,ap",active
SSC CGL Tier I,Reasoning,Number series,Arithmetic Series,mcq,"Series: 2, 19, 36, 53, 70, ?",87,97,82,89,A,Common difference is +17. Next term is 70+17=87.,Easy,2,-0.5,60,en,2026,Practice,Original AI,"easy,ap",active
SSC CGL Tier I,Reasoning,Number series,Arithmetic Series,mcq,"Series: 2, 20, 38, 56, 74, ?",92,87,91,94,A,Common difference is +18. Next term is 74+18=92.,Easy,2,-0.5,60,en,2026,Practice,Original AI,"easy,ap",active
SSC CGL Tier I,Reasoning,Number series,Arithmetic Series,mcq,"Series: 2, 21, 40, 59, 78, ?",97,98,95,99,A,Common difference is +19. Next term is 78+19=97.,Easy,2,-0.5,60,en,2026,Practice,Original AI,"easy,ap",active
SSC CGL Tier I,Reasoning,Number series,Arithmetic Series,mcq,"Series: 2, 22, 42, 62, 82, ?",112,103,102,104,C,Common difference is +20. Next term is 82+20=102.,Easy,2,-0.5,60,en,2026,Practice,Original AI,"easy,ap",active
SSC CGL Tier I,Reasoning,Number series,Arithmetic Series,mcq,"Series: 2, 23, 44, 65, 86, ?",117,97,112,107,D,Common difference is +21. Next term is 86+21=107.,Easy,2,-0.5,60,en,2026,Practice,Original AI,"easy,ap",active
SSC CGL Tier I,Reasoning,Number series,Arithmetic Series,mcq,"Series: 2, 24, 46, 68, 90, ?",112,113,117,102,A,Common difference is +22. Next term is 90+22=112.,Easy,2,-0.5,60,en,2026,Practice,Original AI,"easy,ap",active
SSC CGL Tier I,Reasoning,Number series,Arithmetic Series,mcq,"Series: 2, 25, 48, 71, 94, ?",107,118,127,117,D,Common difference is +23. Next term is 94+23=117.,Easy,2,-0.5,60,en,2026,Practice,Original AI,"easy,ap",active
SSC CGL Tier I,Reasoning,Number series,Arithmetic Series,mcq,"Series: 2, 26, 50, 74, 98, ?",132,123,122,117,C,Common difference is +24. Next term is 98+24=122.,Easy,2,-0.5,60,en,2026,Practice,Original AI,"easy,ap",active
SSC CGL Tier I,Reasoning,Number series,Arithmetic Series,mcq,"Series: 2, 27, 52, 77, 102, ?",128,127,125,122,B,Common difference is +25. Next term is 102+25=127.,Easy,2,-0.5,60,en,2026,Practice,Original AI,"easy,ap",active
SSC CGL Tier I,Reasoning,Number series,Arithmetic Series,mcq,"Series: 2, 28, 54, 80, 106, ?",131,132,142,122,B,Common difference is +26. Next term is 106+26=132.,Easy,2,-0.5,60,en,2026,Practice,Original AI,"easy,ap",active
SSC CGL Tier I,Reasoning,Number series,Arithmetic Series,mcq,"Series: 2, 29, 56, 83, 110, ?",135,136,127,137,D,Common difference is +27. Next term is 110+27=137.,Easy,2,-0.5,60,en,2026,Practice,Original AI,"easy,ap",active
SSC CGL Tier I,Reasoning,Number series,Arithmetic Series,mcq,"Series: 2, 30, 58, 86, 114, ?",147,142,152,132,B,Common difference is +28. Next term is 114+28=142.,Easy,2,-0.5,60,en,2026,Practice,Original AI,"easy,ap",active
SSC CGL Tier I,Reasoning,Number series,Arithmetic Series,mcq,"Series: 2, 31, 60, 89, 118, ?",142,137,148,147,D,Common difference is +29. Next term is 118+29=147.,Easy,2,-0.5,60,en,2026,Practice,Original AI,"easy,ap",active
SSC CGL Tier I,Reasoning,Number series,Arithmetic Series,mcq,"Series: 2, 32, 62, 92, 122, ?",154,151,152,142,C,Common difference is +30. Next term is 122+30=152.,Easy,2,-0.5,60,en,2026,Practice,Original AI,"easy,ap",active
SSC CGL Tier I,Reasoning,Number series,Arithmetic Series,mcq,"Series: 2, 33, 64, 95, 126, ?",147,159,157,155,C,Common difference is +31. Next term is 126+31=157.,Easy,2,-0.5,60,en,2026,Practice,Original AI,"easy,ap",active
SSC CGL Tier I,Reasoning,Number series,Arithmetic Series,mcq,"Series: 2, 34, 66, 98, 130, ?",162,172,167,164,A,Common difference is +32. Next term is 130+32=162.,Easy,2,-0.5,60,en,2026,Practice,Original AI,"easy,ap",active
SSC CGL Tier I,Reasoning,Number series,Arithmetic Series,mcq,"Series: 2, 35, 68, 101, 134, ?",157,177,165,167,D,Common difference is +33. Next term is 134+33=167.,Easy,2,-0.5,60,en,2026,Practice,Original AI,"easy,ap",active
SSC CGL Tier I,Reasoning,Number series,Arithmetic Series,mcq,"Series: 2, 36, 70, 104, 138, ?",171,173,167,172,D,Common difference is +34. Next term is 138+34=172.,Easy,2,-0.5,60,en,2026,Practice,Original AI,"easy,ap",active
SSC CGL Tier I,Reasoning,Number series,Arithmetic Series,mcq,"Series: 2, 37, 72, 107, 142, ?",176,182,177,167,C,Common difference is +35. Next term is 142+35=177.,Easy,2,-0.5,60,en,2026,Practice,Original AI,"easy,ap",active
SSC CGL Tier I,Reasoning,Number series,Arithmetic Series,mcq,"Series: 2, 38, 74, 110, 146, ?",180,182,183,181,B,Common difference is +36. Next term is 146+36=182.,Easy,2,-0.5,60,en,2026,Practice,Original AI,"easy,ap",active
SSC CGL Tier I,Reasoning,Number series,Arithmetic Series,mcq,"Series: 200, 198, 196, 194, 192, ?",191,195,190,180,C,Common difference is -2. Next term is 192-2=190.,Easy,2,-0.5,60,en,2026,Practice,Original AI,"easy,ap",active
SSC CGL Tier I,Reasoning,Number series,Arithmetic Series,mcq,"Series: 200, 197, 194, 191, 188, ?",185,183,175,186,A,Common difference is -3. Next term is 188-3=185.,Easy,2,-0.5,60,en,2026,Practice,Original AI,"easy,ap",active
SSC CGL Tier I,Reasoning,Number series,Arithmetic Series,mcq,"Series: 200, 196, 192, 188, 184, ?",190,182,185,180,D,Common difference is -4. Next term is 184-4=180.,Easy,2,-0.5,60,en,2026,Practice,Original AI,"easy,ap",active
SSC CGL Tier I,Reasoning,Number series,Arithmetic Series,mcq,"Series: 200, 195, 190, 185, 180, ?",165,177,175,174,C,Common difference is -5. Next term is 180-5=175.,Easy,2,-0.5,60,en,2026,Practice,Original AI,"easy,ap",active
SSC CGL Tier I,Reasoning,Number series,Arithmetic Series,mcq,"Series: 200, 194, 188, 182, 176, ?",165,169,170,171,C,Common difference is -6. Next term is 176-6=170.,Easy,2,-0.5,60,en,2026,Practice,Original AI,"easy,ap",active
SSC CGL Tier I,Reasoning,Number series,Arithmetic Series,mcq,"Series: 200, 193, 186, 179, 172, ?",155,166,165,164,C,Common difference is -7. Next term is 172-7=165.,Easy,2,-0.5,60,en,2026,Practice,Original AI,"easy,ap",active
SSC CGL Tier I,Reasoning,Number series,Arithmetic Series,mcq,"Series: 200, 192, 184, 176, 168, ?",162,161,155,160,D,Common difference is -8. Next term is 168-8=160.,Easy,2,-0.5,60,en,2026,Practice,Original AI,"easy,ap",active
SSC CGL Tier I,Reasoning,Number series,Arithmetic Series,mcq,"Series: 200, 191, 182, 173, 164, ?",150,145,155,156,C,Common difference is -9. Next term is 164-9=155.,Easy,2,-0.5,60,en,2026,Practice,Original AI,"easy,ap",active
SSC CGL Tier I,Reasoning,Number series,Arithmetic Series,mcq,"Series: 200, 190, 180, 170, 160, ?",148,140,160,150,D,Common difference is -10. Next term is 160-10=150.,Easy,2,-0.5,60,en,2026,Practice,Original AI,"easy,ap",active
SSC CGL Tier I,Reasoning,Number series,Arithmetic Series,mcq,"Series: 200, 189, 178, 167, 156, ?",155,143,145,144,C,Common difference is -11. Next term is 156-11=145.,Easy,2,-0.5,60,en,2026,Practice,Original AI,"easy,ap",active
SSC CGL Tier I,Reasoning,Number series,Arithmetic Series,mcq,"Series: 200, 188, 176, 164, 152, ?",130,141,135,140,D,Common difference is -12. Next term is 152-12=140.,Easy,2,-0.5,60,en,2026,Practice,Original AI,"easy,ap",active
SSC CGL Tier I,Reasoning,Number series,Arithmetic Series,mcq,"Series: 200, 187, 174, 161, 148, ?",130,135,125,137,B,Common difference is -13. Next term is 148-13=135.,Easy,2,-0.5,60,en,2026,Practice,Original AI,"easy,ap",active
SSC CGL Tier I,Reasoning,Number series,Arithmetic Series,mcq,"Series: 200, 186, 172, 158, 144, ?",125,135,130,128,C,Common difference is -14. Next term is 144-14=130.,Easy,2,-0.5,60,en,2026,Practice,Original AI,"easy,ap",active
SSC CGL Tier I,Reasoning,Number series,Arithmetic Series,mcq,"Series: 200, 185, 170, 155, 140, ?",130,125,127,120,B,Common difference is -15. Next term is 140-15=125.,Easy,2,-0.5,60,en,2026,Practice,Original AI,"easy,ap",active
SSC CGL Tier I,Reasoning,Number series,Arithmetic Series,mcq,"Series: 200, 184, 168, 152, 136, ?",121,120,110,118,B,Common difference is -16. Next term is 136-16=120.,Easy,2,-0.5,60,en,2026,Practice,Original AI,"easy,ap",active
SSC CGL Tier I,Reasoning,Number series,Arithmetic Series,mcq,"Series: 200, 183, 166, 149, 132, ?",110,117,115,113,C,Common difference is -17. Next term is 132-17=115.,Easy,2,-0.5,60,en,2026,Practice,Original AI,"easy,ap",active
SSC CGL Tier I,Reasoning,Number series,Arithmetic Series,mcq,"Series: 200, 182, 164, 146, 128, ?",108,100,120,110,D,Common difference is -18. Next term is 128-18=110.,Easy,2,-0.5,60,en,2026,Practice,Original AI,"easy,ap",active
SSC CGL Tier I,Reasoning,Number series,Arithmetic Series,mcq,"Series: 200, 181, 162, 143, 124, ?",95,103,105,107,C,Common difference is -19. Next term is 124-19=105.,Easy,2,-0.5,60,en,2026,Practice,Original AI,"easy,ap",active
SSC CGL Tier I,Reasoning,Number series,Arithmetic Series,mcq,"Series: 200, 180, 160, 140, 120, ?",101,99,100,95,C,Common difference is -20. Next term is 120-20=100.,Easy,2,-0.5,60,en,2026,Practice,Original AI,"easy,ap",active
SSC CGL Tier I,Reasoning,Number series,Arithmetic Series,mcq,"Series: 200, 179, 158, 137, 116, ?",90,85,94,95,D,Common difference is -21. Next term is 116-21=95.,Easy,2,-0.5,60,en,2026,Practice,Original AI,"easy,ap",active
SSC CGL Tier I,Reasoning,Number series,Arithmetic Series,mcq,"Series: 200, 178, 156, 134, 112, ?",80,95,85,90,D,Common difference is -22. Next term is 112-22=90.,Easy,2,-0.5,60,en,2026,Practice,Original AI,"easy,ap",active
SSC CGL Tier I,Reasoning,Number series,Arithmetic Series,mcq,"Series: 200, 177, 154, 131, 108, ?",85,95,83,86,A,Common difference is -23. Next term is 108-23=85.,Easy,2,-0.5,60,en,2026,Practice,Original AI,"easy,ap",active
SSC CGL Tier I,Reasoning,Number series,Arithmetic Series,mcq,"Series: 200, 176, 152, 128, 104, ?",80,79,85,82,A,Common difference is -24. Next term is 104-24=80.,Easy,2,-0.5,60,en,2026,Practice,Original AI,"easy,ap",active
SSC CGL Tier I,Reasoning,Number series,Arithmetic Series,mcq,"Series: 200, 175, 150, 125, 100, ?",65,76,80,75,D,Common difference is -25. Next term is 100-25=75.,Easy,2,-0.5,60,en,2026,Practice,Original AI,"easy,ap",active
SSC CGL Tier I,Reasoning,Number series,Arithmetic Series,mcq,"Series: 200, 174, 148, 122, 96, ?",80,72,70,65,C,Common difference is -26. Next term is 96-26=70.,Easy,2,-0.5,60,en,2026,Practice,Original AI,"easy,ap",active
SSC CGL Tier I,Reasoning,Number series,Arithmetic Series,mcq,"Series: 200, 173, 146, 119, 92, ?",67,65,55,70,B,Common difference is -27. Next term is 92-27=65.,Easy,2,-0.5,60,en,2026,Practice,Original AI,"easy,ap",active
SSC CGL Tier I,Reasoning,Number series,Arithmetic Series,mcq,"Series: 200, 172, 144, 116, 88, ?",59,60,65,70,B,Common difference is -28. Next term is 88-28=60.,Easy,2,-0.5,60,en,2026,Practice,Original AI,"easy,ap",active
SSC CGL Tier I,Reasoning,Number series,Arithmetic Series,mcq,"Series: 200, 171, 142, 113, 84, ?",54,55,57,56,B,Common difference is -29. Next term is 84-29=55.,Easy,2,-0.5,60,en,2026,Practice,Original AI,"easy,ap",active
SSC CGL Tier I,Reasoning,Number series,Arithmetic Series,mcq,"Series: 200, 170, 140, 110, 80, ?",48,55,40,50,D,Common difference is -30. Next term is 80-30=50.,Easy,2,-0.5,60,en,2026,Practice,Original AI,"easy,ap",active
SSC CGL Tier I,Reasoning,Number series,Arithmetic Series,mcq,"Series: 200, 169, 138, 107, 76, ?",45,44,35,47,A,Common difference is -31. Next term is 76-31=45.,Easy,2,-0.5,60,en,2026,Practice,Original AI,"easy,ap",active
SSC CGL Tier I,Reasoning,Number series,Arithmetic Series,mcq,"Series: 200, 168, 136, 104, 72, ?",38,40,50,39,B,Common difference is -32. Next term is 72-32=40.,Easy,2,-0.5,60,en,2026,Practice,Original AI,"easy,ap",active
SSC CGL Tier I,Reasoning,Number series,Arithmetic Series,mcq,"Series: 200, 167, 134, 101, 68, ?",36,35,45,30,B,Common difference is -33. Next term is 68-33=35.,Easy,2,-0.5,60,en,2026,Practice,Original AI,"easy,ap",active
SSC CGL Tier I,Reasoning,Number series,Arithmetic Series,mcq,"Series: 200, 166, 132, 98, 64, ?",35,28,25,30,D,Common difference is -34. Next term is 64-34=30.,Easy,2,-0.5,60,en,2026,Practice,Original AI,"easy,ap",active
SSC CGL Tier I,Reasoning,Number series,Arithmetic Series,mcq,"Series: 200, 165, 130, 95, 60, ?",25,15,30,27,A,Common difference is -35. Next term is 60-35=25.,Easy,2,-0.5,60,en,2026,Practice,Original AI,"easy,ap",active
SSC CGL Tier I,Reasoning,Number series,Arithmetic Series,mcq,"Series: 200, 164, 128, 92, 56, ?",20,15,10,19,A,Common difference is -36. Next term is 56-36=20.,Easy,2,-0.5,60,en,2026,Practice,Original AI,"easy,ap",active
SSC CGL Tier I,Reasoning,Number series,Mixed Operations Series,mcq,"Series: 2, 5, 11, 23, 47, ?",95,96,85,93,A,Pattern: x2 + 1. Next term is 47*2+1=95.,Medium,2,-0.5,60,en,2026,Practice,Original AI,"medium,mixed",active
SSC CGL Tier I,Reasoning,Number series,Mixed Operations Series,mcq,"Series: 2, 6, 14, 30, 62, ?",125,124,126,128,C,Pattern: x2 + 2. Next term is 62*2+2=126.,Medium,2,-0.5,60,en,2026,Practice,Original AI,"medium,mixed",active
SSC CGL Tier I,Reasoning,Number series,Mixed Operations Series,mcq,"Series: 2, 7, 17, 37, 77, ?",157,159,162,155,A,Pattern: x2 + 3. Next term is 77*2+3=157.,Medium,2,-0.5,60,en,2026,Practice,Original AI,"medium,mixed",active
SSC CGL Tier I,Reasoning,Number series,Mixed Operations Series,mcq,"Series: 2, 8, 20, 44, 92, ?",186,190,189,188,D,Pattern: x2 + 4. Next term is 92*2+4=188.,Medium,2,-0.5,60,en,2026,Practice,Original AI,"medium,mixed",active
SSC CGL Tier I,Reasoning,Number series,Mixed Operations Series,mcq,"Series: 2, 9, 23, 51, 107, ?",217,224,219,218,C,Pattern: x2 + 5. Next term is 107*2+5=219.,Medium,2,-0.5,60,en,2026,Practice,Original AI,"medium,mixed",active
SSC CGL Tier I,Reasoning,Number series,Mixed Operations Series,mcq,"Series: 2, 10, 26, 58, 122, ?",250,251,260,248,A,Pattern: x2 + 6. Next term is 122*2+6=250.,Medium,2,-0.5,60,en,2026,Practice,Original AI,"medium,mixed",active
SSC CGL Tier I,Reasoning,Number series,Mixed Operations Series,mcq,"Series: 2, 11, 29, 65, 137, ?",281,271,276,282,A,Pattern: x2 + 7. Next term is 137*2+7=281.,Medium,2,-0.5,60,en,2026,Practice,Original AI,"medium,mixed",active
SSC CGL Tier I,Reasoning,Number series,Mixed Operations Series,mcq,"Series: 2, 12, 32, 72, 152, ?",313,312,317,310,B,Pattern: x2 + 8. Next term is 152*2+8=312.,Medium,2,-0.5,60,en,2026,Practice,Original AI,"medium,mixed",active
SSC CGL Tier I,Reasoning,Number series,Mixed Operations Series,mcq,"Series: 2, 13, 35, 79, 167, ?",341,343,348,344,B,Pattern: x2 + 9. Next term is 167*2+9=343.,Medium,2,-0.5,60,en,2026,Practice,Original AI,"medium,mixed",active
SSC CGL Tier I,Reasoning,Number series,Mixed Operations Series,mcq,"Series: 2, 14, 38, 86, 182, ?",379,372,373,374,D,Pattern: x2 + 10. Next term is 182*2+10=374.,Medium,2,-0.5,60,en,2026,Practice,Original AI,"medium,mixed",active
SSC CGL Tier I,Reasoning,Number series,Mixed Operations Series,mcq,"Series: 2, 15, 41, 93, 197, ?",405,406,404,415,A,Pattern: x2 + 11. Next term is 197*2+11=405.,Medium,2,-0.5,60,en,2026,Practice,Original AI,"medium,mixed",active
SSC CGL Tier I,Reasoning,Number series,Mixed Operations Series,mcq,"Series: 2, 16, 44, 100, 212, ?",446,436,438,431,B,Pattern: x2 + 12. Next term is 212*2+12=436.,Medium,2,-0.5,60,en,2026,Practice,Original AI,"medium,mixed",active
SSC CGL Tier I,Reasoning,Number series,Mixed Operations Series,mcq,"Series: 2, 17, 47, 107, 227, ?",462,468,467,465,C,Pattern: x2 + 13. Next term is 227*2+13=467.,Medium,2,-0.5,60,en,2026,Practice,Original AI,"medium,mixed",active
SSC CGL Tier I,Reasoning,Number series,Mixed Operations Series,mcq,"Series: 2, 18, 50, 114, 242, ?",503,493,498,499,C,Pattern: x2 + 14. Next term is 242*2+14=498.,Medium,2,-0.5,60,en,2026,Practice,Original AI,"medium,mixed",active
SSC CGL Tier I,Reasoning,Number series,Mixed Operations Series,mcq,"Series: 2, 19, 53, 121, 257, ?",530,539,528,529,D,Pattern: x2 + 15. Next term is 257*2+15=529.,Medium,2,-0.5,60,en,2026,Practice,Original AI,"medium,mixed",active
SSC CGL Tier I,Reasoning,Number series,Mixed Operations Series,mcq,"Series: 2, 20, 56, 128, 272, ?",560,562,559,565,A,Pattern: x2 + 16. Next term is 272*2+16=560.,Medium,2,-0.5,60,en,2026,Practice,Original AI,"medium,mixed",active
SSC CGL Tier I,Reasoning,Number series,Mixed Operations Series,mcq,"Series: 2, 21, 59, 135, 287, ?",586,590,593,591,D,Pattern: x2 + 17. Next term is 287*2+17=591.,Medium,2,-0.5,60,en,2026,Practice,Original AI,"medium,mixed",active
SSC CGL Tier I,Reasoning,Number series,Mixed Operations Series,mcq,"Series: 2, 22, 62, 142, 302, ?",621,617,622,624,C,Pattern: x2 + 18. Next term is 302*2+18=622.,Medium,2,-0.5,60,en,2026,Practice,Original AI,"medium,mixed",active
SSC CGL Tier I,Reasoning,Number series,Mixed Operations Series,mcq,"Series: 2, 23, 65, 149, 317, ?",653,648,652,663,A,Pattern: x2 + 19. Next term is 317*2+19=653.,Medium,2,-0.5,60,en,2026,Practice,Original AI,"medium,mixed",active
SSC CGL Tier I,Reasoning,Number series,Mixed Operations Series,mcq,"Series: 2, 24, 68, 156, 332, ?",684,694,685,686,A,Pattern: x2 + 20. Next term is 332*2+20=684.,Medium,2,-0.5,60,en,2026,Practice,Original AI,"medium,mixed",active
SSC CGL Tier I,Reasoning,Number series,Mixed Operations Series,mcq,"Series: 2, 25, 71, 163, 347, ?",717,715,713,714,B,Pattern: x2 + 21. Next term is 347*2+21=715.,Medium,2,-0.5,60,en,2026,Practice,Original AI,"medium,mixed",active
SSC CGL Tier I,Reasoning,Number series,Mixed Operations Series,mcq,"Series: 2, 26, 74, 170, 362, ?",747,746,751,756,B,Pattern: x2 + 22. Next term is 362*2+22=746.,Medium,2,-0.5,60,en,2026,Practice,Original AI,"medium,mixed",active
SSC CGL Tier I,Reasoning,Number series,Mixed Operations Series,mcq,"Series: 2, 27, 77, 177, 377, ?",772,779,777,778,C,Pattern: x2 + 23. Next term is 377*2+23=777.,Medium,2,-0.5,60,en,2026,Practice,Original AI,"medium,mixed",active
SSC CGL Tier I,Reasoning,Number series,Mixed Operations Series,mcq,"Series: 2, 28, 80, 184, 392, ?",813,807,810,808,D,Pattern: x2 + 24. Next term is 392*2+24=808.,Medium,2,-0.5,60,en,2026,Practice,Original AI,"medium,mixed",active
SSC CGL Tier I,Reasoning,Number series,Mixed Operations Series,mcq,"Series: 2, 29, 83, 191, 407, ?",844,839,829,840,B,Pattern: x2 + 25. Next term is 407*2+25=839.,Medium,2,-0.5,60,en,2026,Practice,Original AI,"medium,mixed",active
SSC CGL Tier I,Reasoning,Number series,Mixed Operations Series,mcq,"Series: 2, 30, 86, 198, 422, ?",870,868,880,871,A,Pattern: x2 + 26. Next term is 422*2+26=870.,Medium,2,-0.5,60,en,2026,Practice,Original AI,"medium,mixed",active
SSC CGL Tier I,Reasoning,Number series,Mixed Operations Series,mcq,"Series: 2, 31, 89, 205, 437, ?",896,901,911,899,B,Pattern: x2 + 27. Next term is 437*2+27=901.,Medium,2,-0.5,60,en,2026,Practice,Original AI,"medium,mixed",active
SSC CGL Tier I,Reasoning,Number series,Mixed Operations Series,mcq,"Series: 2, 32, 92, 212, 452, ?",932,930,922,934,A,Pattern: x2 + 28. Next term is 452*2+28=932.,Medium,2,-0.5,60,en,2026,Practice,Original AI,"medium,mixed",active
SSC CGL Tier I,Reasoning,Number series,Mixed Operations Series,mcq,"Series: 2, 33, 95, 219, 467, ?",968,963,973,953,B,Pattern: x2 + 29. Next term is 467*2+29=963.,Medium,2,-0.5,60,en,2026,Practice,Original AI,"medium,mixed",active
SSC CGL Tier I,Reasoning,Number series,Mixed Operations Series,mcq,"Series: 2, 34, 98, 226, 482, ?",984,996,999,994,D,Pattern: x2 + 30. Next term is 482*2+30=994.,Medium,2,-0.5,60,en,2026,Practice,Original AI,"medium,mixed",active
SSC CGL Tier I,Reasoning,Number series,Mixed Operations Series,mcq,"Series: 2, 35, 101, 233, 497, ?",1020,1015,1025,1026,C,Pattern: x2 + 31. Next term is 497*2+31=1025.,Medium,2,-0.5,60,en,2026,Practice,Original AI,"medium,mixed",active
SSC CGL Tier I,Reasoning,Number series,Mixed Operations Series,mcq,"Series: 2, 36, 104, 240, 512, ?",1046,1054,1055,1056,D,Pattern: x2 + 32. Next term is 512*2+32=1056.,Medium,2,-0.5,60,en,2026,Practice,Original AI,"medium,mixed",active
SSC CGL Tier I,Reasoning,Number series,Mixed Operations Series,mcq,"Series: 2, 37, 107, 247, 527, ?",1085,1097,1087,1092,C,Pattern: x2 + 33. Next term is 527*2+33=1087.,Medium,2,-0.5,60,en,2026,Practice,Original AI,"medium,mixed",active
SSC CGL Tier I,Reasoning,Number series,Mixed Operations Series,mcq,"Series: 2, 38, 110, 254, 542, ?",1118,1128,1117,1123,A,Pattern: x2 + 34. Next term is 542*2+34=1118.,Medium,2,-0.5,60,en,2026,Practice,Original AI,"medium,mixed",active
SSC CGL Tier I,Reasoning,Number series,Mixed Operations Series,mcq,"Series: 2, 39, 113, 261, 557, ?",1144,1150,1149,1139,C,Pattern: x2 + 35. Next term is 557*2+35=1149.,Medium,2,-0.5,60,en,2026,Practice,Original AI,"medium,mixed",active
SSC CGL Tier I,Reasoning,Number series,Prime Number Series,mcq,"Series: 3, 6, 11, 18, 29, ?",44,43,32,42,D,Differences are consecutive prime numbers. Next prime is 13. Next term: 29+13=42.,Medium,2,-0.5,60,en,2026,Practice,Original AI,"medium,prime",active
SSC CGL Tier I,Reasoning,Number series,Prime Number Series,mcq,"Series: 6, 11, 18, 29, 42, ?",69,60,58,59,D,Differences are consecutive prime numbers. Next prime is 17. Next term: 42+17=59.,Medium,2,-0.5,60,en,2026,Practice,Original AI,"medium,prime",active
SSC CGL Tier I,Reasoning,Number series,Prime Number Series,mcq,"Series: 9, 16, 27, 40, 57, ?",66,81,76,75,C,Differences are consecutive prime numbers. Next prime is 19. Next term: 57+19=76.,Medium,2,-0.5,60,en,2026,Practice,Original AI,"medium,prime",active
SSC CGL Tier I,Reasoning,Number series,Prime Number Series,mcq,"Series: 12, 23, 36, 53, 72, ?",95,90,96,94,A,Differences are consecutive prime numbers. Next prime is 23. Next term: 72+23=95.,Medium,2,-0.5,60,en,2026,Practice,Original AI,"medium,prime",active
SSC CGL Tier I,Reasoning,Number series,Prime Number Series,mcq,"Series: 15, 28, 45, 64, 87, ?",111,118,117,116,D,Differences are consecutive prime numbers. Next prime is 29. Next term: 87+29=116.,Medium,2,-0.5,60,en,2026,Practice,Original AI,"medium,prime",active
SSC CGL Tier I,Reasoning,Number series,Prime Number Series,mcq,"Series: 18, 35, 54, 77, 106, ?",137,135,132,139,A,Differences are consecutive prime numbers. Next prime is 31. Next term: 106+31=137.,Medium,2,-0.5,60,en,2026,Practice,Original AI,"medium,prime",active
SSC CGL Tier I,Reasoning,Number series,Prime Number Series,mcq,"Series: 21, 40, 63, 92, 123, ?",158,162,155,160,D,Differences are consecutive prime numbers. Next prime is 37. Next term: 123+37=160.,Medium,2,-0.5,60,en,2026,Practice,Original AI,"medium,prime",active
SSC CGL Tier I,Reasoning,Number series,Prime Number Series,mcq,"Series: 24, 47, 76, 107, 144, ?",175,180,186,185,D,Differences are consecutive prime numbers. Next prime is 41. Next term: 144+41=185.,Medium,2,-0.5,60,en,2026,Practice,Original AI,"medium,prime",active
SSC CGL Tier I,Reasoning,Number series,Prime Number Series,mcq,"Series: 27, 56, 87, 124, 165, ?",207,210,208,209,C,Differences are consecutive prime numbers. Next prime is 43. Next term: 165+43=208.,Medium,2,-0.5,60,en,2026,Practice,Original AI,"medium,prime",active
SSC CGL Tier I,Reasoning,Number series,Prime Number Series,mcq,"Series: 30, 61, 98, 139, 182, ?",239,224,229,230,C,Differences are consecutive prime numbers. Next prime is 47. Next term: 182+47=229.,Medium,2,-0.5,60,en,2026,Practice,Original AI,"medium,prime",active
SSC CGL Tier I,Reasoning,Number series,Prime Number Series,mcq,"Series: 33, 70, 111, 154, 201, ?",255,254,244,252,B,Differences are consecutive prime numbers. Next prime is 53. Next term: 201+53=254.,Medium,2,-0.5,60,en,2026,Practice,Original AI,"medium,prime",active
SSC CGL Tier I,Reasoning,Number series,Prime Number Series,mcq,"Series: 36, 77, 120, 167, 220, ?",279,284,278,281,A,Differences are consecutive prime numbers. Next prime is 59. Next term: 220+59=279.,Medium,2,-0.5,60,en,2026,Practice,Original AI,"medium,prime",active
SSC CGL Tier I,Reasoning,Number series,Prime Number Series,mcq,"Series: 39, 82, 129, 182, 241, ?",297,300,303,302,D,Differences are consecutive prime numbers. Next prime is 61. Next term: 241+61=302.,Medium,2,-0.5,60,en,2026,Practice,Original AI,"medium,prime",active
SSC CGL Tier I,Reasoning,Number series,Prime Number Series,mcq,"Series: 42, 89, 142, 201, 262, ?",339,329,330,319,B,Differences are consecutive prime numbers. Next prime is 67. Next term: 262+67=329.,Medium,2,-0.5,60,en,2026,Practice,Original AI,"medium,prime",active
SSC CGL Tier I,Reasoning,Number series,Prime Number Series,mcq,"Series: 45, 98, 157, 218, 285, ?",346,356,357,351,B,Differences are consecutive prime numbers. Next prime is 71. Next term: 285+71=356.,Medium,2,-0.5,60,en,2026,Practice,Original AI,"medium,prime",active
SSC CGL Tier I,Reasoning,Number series,Prime Number Series,mcq,"Series: 48, 107, 168, 235, 306, ?",379,369,378,380,A,Differences are consecutive prime numbers. Next prime is 73. Next term: 306+73=379.,Medium,2,-0.5,60,en,2026,Practice,Original AI,"medium,prime",active
SSC CGL Tier I,Reasoning,Number series,Prime Number Series,mcq,"Series: 51, 112, 179, 250, 323, ?",403,392,397,402,D,Differences are consecutive prime numbers. Next prime is 79. Next term: 323+79=402.,Medium,2,-0.5,60,en,2026,Practice,Original AI,"medium,prime",active
SSC CGL Tier I,Reasoning,Number series,Prime Number Series,mcq,"Series: 54, 121, 192, 265, 344, ?",427,437,428,422,A,Differences are consecutive prime numbers. Next prime is 83. Next term: 344+83=427.,Medium,2,-0.5,60,en,2026,Practice,Original AI,"medium,prime",active
SSC CGL Tier I,Reasoning,Number series,Prime Number Series,mcq,"Series: 57, 128, 201, 280, 363, ?",442,450,447,452,D,Differences are consecutive prime numbers. Next prime is 89. Next term: 363+89=452.,Medium,2,-0.5,60,en,2026,Practice,Original AI,"medium,prime",active
SSC CGL Tier I,Reasoning,Number series,Prime Number Series,mcq,"Series: 60, 133, 212, 295, 384, ?",481,476,482,471,A,Differences are consecutive prime numbers. Next prime is 97. Next term: 384+97=481.,Medium,2,-0.5,60,en,2026,Practice,Original AI,"medium,prime",active
SSC CGL Tier I,Reasoning,Number series,Prime Number Series,mcq,"Series: 63, 142, 225, 314, 411, ?",512,510,511,502,A,Differences are consecutive prime numbers. Next prime is 101. Next term: 411+101=512.,Medium,2,-0.5,60,en,2026,Practice,Original AI,"medium,prime",active
SSC CGL Tier I,Reasoning,Number series,Prime Number Series,mcq,"Series: 66, 149, 238, 335, 436, ?",539,534,538,541,A,Differences are consecutive prime numbers. Next prime is 103. Next term: 436+103=539.,Medium,2,-0.5,60,en,2026,Practice,Original AI,"medium,prime",active
SSC CGL Tier I,Reasoning,Number series,Prime Number Series,mcq,"Series: 69, 158, 255, 356, 459, ?",576,566,567,564,B,Differences are consecutive prime numbers. Next prime is 107. Next term: 459+107=566.,Medium,2,-0.5,60,en,2026,Practice,Original AI,"medium,prime",active
SSC CGL Tier I,Reasoning,Number series,Prime Number Series,mcq,"Series: 72, 169, 270, 373, 480, ?",589,584,587,594,A,Differences are consecutive prime numbers. Next prime is 109. Next term: 480+109=589.,Medium,2,-0.5,60,en,2026,Practice,Original AI,"medium,prime",active
SSC CGL Tier I,Reasoning,Number series,Prime Number Series,mcq,"Series: 75, 176, 279, 386, 495, ?",607,610,608,606,C,Differences are consecutive prime numbers. Next prime is 113. Next term: 495+113=608.,Medium,2,-0.5,60,en,2026,Practice,Original AI,"medium,prime",active
SSC CGL Tier I,Reasoning,Number series,Prime Number Series,mcq,"Series: 78, 181, 288, 397, 510, ?",639,637,642,627,B,Differences are consecutive prime numbers. Next prime is 127. Next term: 510+127=637.,Medium,2,-0.5,60,en,2026,Practice,Original AI,"medium,prime",active
SSC CGL Tier I,Reasoning,Number series,Prime Number Series,mcq,"Series: 81, 188, 297, 410, 537, ?",668,658,666,673,A,Differences are consecutive prime numbers. Next prime is 131. Next term: 537+131=668.,Medium,2,-0.5,60,en,2026,Practice,Original AI,"medium,prime",active
SSC CGL Tier I,Reasoning,Number series,Prime Number Series,mcq,"Series: 84, 193, 306, 433, 564, ?",701,706,711,702,A,Differences are consecutive prime numbers. Next prime is 137. Next term: 564+137=701.,Medium,2,-0.5,60,en,2026,Practice,Original AI,"medium,prime",active
SSC CGL Tier I,Reasoning,Number series,Prime Number Series,mcq,"Series: 87, 200, 327, 458, 595, ?",739,744,735,734,D,Differences are consecutive prime numbers. Next prime is 139. Next term: 595+139=734.,Medium,2,-0.5,60,en,2026,Practice,Original AI,"medium,prime",active
SSC CGL Tier I,Reasoning,Number series,Prime Number Series,mcq,"Series: 90, 217, 348, 485, 624, ?",783,773,771,768,B,Differences are consecutive prime numbers. Next prime is 149. Next term: 624+149=773.,Medium,2,-0.5,60,en,2026,Practice,Original AI,"medium,prime",active
SSC CGL Tier I,Reasoning,Number series,Prime Number Series,mcq,"Series: 93, 224, 361, 500, 649, ?",801,798,800,802,C,Differences are consecutive prime numbers. Next prime is 151. Next term: 649+151=800.,Medium,2,-0.5,60,en,2026,Practice,Original AI,"medium,prime",active
SSC CGL Tier I,Reasoning,Number series,Prime Number Series,mcq,"Series: 96, 233, 372, 521, 672, ?",829,824,827,839,A,Differences are consecutive prime numbers. Next prime is 157. Next term: 672+157=829.,Medium,2,-0.5,60,en,2026,Practice,Original AI,"medium,prime",active
SSC CGL Tier I,Reasoning,Number series,Prime Number Series,mcq,"Series: 99, 238, 387, 538, 695, ?",856,858,863,853,B,Differences are consecutive prime numbers. Next prime is 163. Next term: 695+163=858.,Medium,2,-0.5,60,en,2026,Practice,Original AI,"medium,prime",active
SSC CGL Tier I,Reasoning,Number series,Prime Number Series,mcq,"Series: 102, 251, 402, 559, 722, ?",891,889,894,879,B,Differences are consecutive prime numbers. Next prime is 167. Next term: 722+167=889.,Medium,2,-0.5,60,en,2026,Practice,Original AI,"medium,prime",active
SSC CGL Tier I,Reasoning,Number series,Prime Number Series,mcq,"Series: 105, 256, 413, 576, 743, ?",914,911,921,916,D,Differences are consecutive prime numbers. Next prime is 173. Next term: 743+173=916.,Medium,2,-0.5,60,en,2026,Practice,Original AI,"medium,prime",active
SSC CGL Tier I,Reasoning,Number series,Squares & Cubes Series,mcq,"Series: 9, 25, 49, 121, 169, ?",294,289,284,279,B,"Terms are squares of consecutive primes: 3^2, 5^2, 7^2, 11^2, 13^2. Next is 17^2=289.",Hard,2,-0.5,60,en,2026,Practice,Original AI,"hard,prime_squares",active
SSC CGL Tier I,Reasoning,Number series,Squares & Cubes Series,mcq,"Series: 25, 49, 121, 169, 289, ?",361,362,366,360,A,"Terms are squares of consecutive primes: 5^2, 7^2, 11^2, 13^2, 17^2. Next is 19^2=361.",Hard,2,-0.5,60,en,2026,Practice,Original AI,"hard,prime_squares",active
SSC CGL Tier I,Reasoning,Number series,Squares & Cubes Series,mcq,"Series: 49, 121, 169, 289, 361, ?",524,529,539,531,B,"Terms are squares of consecutive primes: 7^2, 11^2, 13^2, 17^2, 19^2. Next is 23^2=529.",Hard,2,-0.5,60,en,2026,Practice,Original AI,"hard,prime_squares",active
SSC CGL Tier I,Reasoning,Number series,Squares & Cubes Series,mcq,"Series: 121, 169, 289, 361, 529, ?",843,841,836,851,B,"Terms are squares of consecutive primes: 11^2, 13^2, 17^2, 19^2, 23^2. Next is 29^2=841.",Hard,2,-0.5,60,en,2026,Practice,Original AI,"hard,prime_squares",active
SSC CGL Tier I,Reasoning,Number series,Squares & Cubes Series,mcq,"Series: 169, 289, 361, 529, 841, ?",971,956,962,961,D,"Terms are squares of consecutive primes: 13^2, 17^2, 19^2, 23^2, 29^2. Next is 31^2=961.",Hard,2,-0.5,60,en,2026,Practice,Original AI,"hard,prime_squares",active
SSC CGL Tier I,Reasoning,Number series,Squares & Cubes Series,mcq,"Series: 289, 361, 529, 841, 961, ?",1370,1369,1368,1374,B,"Terms are squares of consecutive primes: 17^2, 19^2, 23^2, 29^2, 31^2. Next is 37^2=1369.",Hard,2,-0.5,60,en,2026,Practice,Original AI,"hard,prime_squares",active
SSC CGL Tier I,Reasoning,Number series,Squares & Cubes Series,mcq,"Series: 361, 529, 841, 961, 1369, ?",1681,1683,1691,1679,A,"Terms are squares of consecutive primes: 19^2, 23^2, 29^2, 31^2, 37^2. Next is 41^2=1681.",Hard,2,-0.5,60,en,2026,Practice,Original AI,"hard,prime_squares",active
SSC CGL Tier I,Reasoning,Number series,Squares & Cubes Series,mcq,"Series: 529, 841, 961, 1369, 1681, ?",1848,1859,1854,1849,D,"Terms are squares of consecutive primes: 23^2, 29^2, 31^2, 37^2, 41^2. Next is 43^2=1849.",Hard,2,-0.5,60,en,2026,Practice,Original AI,"hard,prime_squares",active
SSC CGL Tier I,Reasoning,Number series,Squares & Cubes Series,mcq,"Series: 841, 961, 1369, 1681, 1849, ?",2204,2209,2208,2219,B,"Terms are squares of consecutive primes: 29^2, 31^2, 37^2, 41^2, 43^2. Next is 47^2=2209.",Hard,2,-0.5,60,en,2026,Practice,Original AI,"hard,prime_squares",active
SSC CGL Tier I,Reasoning,Number series,Squares & Cubes Series,mcq,"Series: 961, 1369, 1681, 1849, 2209, ?",2809,2814,2819,2808,A,"Terms are squares of consecutive primes: 31^2, 37^2, 41^2, 43^2, 47^2. Next is 53^2=2809.",Hard,2,-0.5,60,en,2026,Practice,Original AI,"hard,prime_squares",active
SSC CGL Tier I,Reasoning,Number series,Squares & Cubes Series,mcq,"Series: 1369, 1681, 1849, 2209, 2809, ?",3481,3480,3471,3486,A,"Terms are squares of consecutive primes: 37^2, 41^2, 43^2, 47^2, 53^2. Next is 59^2=3481.",Hard,2,-0.5,60,en,2026,Practice,Original AI,"hard,prime_squares",active
SSC CGL Tier I,Reasoning,Number series,Squares & Cubes Series,mcq,"Series: 1681, 1849, 2209, 2809, 3481, ?",3721,3722,3719,3720,A,"Terms are squares of consecutive primes: 41^2, 43^2, 47^2, 53^2, 59^2. Next is 61^2=3721.",Hard,2,-0.5,60,en,2026,Practice,Original AI,"hard,prime_squares",active
SSC CGL Tier I,Reasoning,Number series,Squares & Cubes Series,mcq,"Series: 1849, 2209, 2809, 3481, 3721, ?",4489,4479,4487,4499,A,"Terms are squares of consecutive primes: 43^2, 47^2, 53^2, 59^2, 61^2. Next is 67^2=4489.",Hard,2,-0.5,60,en,2026,Practice,Original AI,"hard,prime_squares",active
SSC CGL Tier I,Reasoning,Number series,Squares & Cubes Series,mcq,"Series: 2209, 2809, 3481, 3721, 4489, ?",5043,5040,5042,5041,D,"Terms are squares of consecutive primes: 47^2, 53^2, 59^2, 61^2, 67^2. Next is 71^2=5041.",Hard,2,-0.5,60,en,2026,Practice,Original AI,"hard,prime_squares",active
SSC CGL Tier I,Reasoning,Number series,Squares & Cubes Series,mcq,"Series: 4, 9, 25, 49, 121, ?",168,179,174,169,D,"Terms are squares of consecutive primes: 2^2, 3^2, 5^2, 7^2, 11^2. Next is 13^2=169.",Hard,2,-0.5,60,en,2026,Practice,Original AI,"hard,prime_squares",active
SSC CGL Tier I,Reasoning,Number series,Squares & Cubes Series,mcq,"Series: 9, 25, 49, 121, 169, ?",289,288,294,287,A,"Terms are squares of consecutive primes: 3^2, 5^2, 7^2, 11^2, 13^2. Next is 17^2=289.",Hard,2,-0.5,60,en,2026,Practice,Original AI,"hard,prime_squares",active
SSC CGL Tier I,Reasoning,Number series,Squares & Cubes Series,mcq,"Series: 25, 49, 121, 169, 289, ?",366,351,362,361,D,"Terms are squares of consecutive primes: 5^2, 7^2, 11^2, 13^2, 17^2. Next is 19^2=361.",Hard,2,-0.5,60,en,2026,Practice,Original AI,"hard,prime_squares",active
SSC CGL Tier I,Reasoning,Number series,Squares & Cubes Series,mcq,"Series: 49, 121, 169, 289, 361, ?",527,539,529,528,C,"Terms are squares of consecutive primes: 7^2, 11^2, 13^2, 17^2, 19^2. Next is 23^2=529.",Hard,2,-0.5,60,en,2026,Practice,Original AI,"hard,prime_squares",active
SSC CGL Tier I,Reasoning,Number series,Squares & Cubes Series,mcq,"Series: 121, 169, 289, 361, 529, ?",842,841,839,846,B,"Terms are squares of consecutive primes: 11^2, 13^2, 17^2, 19^2, 23^2. Next is 29^2=841.",Hard,2,-0.5,60,en,2026,Practice,Original AI,"hard,prime_squares",active
SSC CGL Tier I,Reasoning,Number series,Squares & Cubes Series,mcq,"Series: 169, 289, 361, 529, 841, ?",960,962,956,961,D,"Terms are squares of consecutive primes: 13^2, 17^2, 19^2, 23^2, 29^2. Next is 31^2=961.",Hard,2,-0.5,60,en,2026,Practice,Original AI,"hard,prime_squares",active
SSC CGL Tier I,Reasoning,Number series,Squares & Cubes Series,mcq,"Series: 289, 361, 529, 841, 961, ?",1369,1364,1370,1367,A,"Terms are squares of consecutive primes: 17^2, 19^2, 23^2, 29^2, 31^2. Next is 37^2=1369.",Hard,2,-0.5,60,en,2026,Practice,Original AI,"hard,prime_squares",active
SSC CGL Tier I,Reasoning,Number series,Squares & Cubes Series,mcq,"Series: 361, 529, 841, 961, 1369, ?",1691,1686,1681,1680,C,"Terms are squares of consecutive primes: 19^2, 23^2, 29^2, 31^2, 37^2. Next is 41^2=1681.",Hard,2,-0.5,60,en,2026,Practice,Original AI,"hard,prime_squares",active
SSC CGL Tier I,Reasoning,Number series,Squares & Cubes Series,mcq,"Series: 529, 841, 961, 1369, 1681, ?",1847,1839,1849,1844,C,"Terms are squares of consecutive primes: 23^2, 29^2, 31^2, 37^2, 41^2. Next is 43^2=1849.",Hard,2,-0.5,60,en,2026,Practice,Original AI,"hard,prime_squares",active
SSC CGL Tier I,Reasoning,Number series,Squares & Cubes Series,mcq,"Series: 841, 961, 1369, 1681, 1849, ?",2219,2204,2209,2211,C,"Terms are squares of consecutive primes: 29^2, 31^2, 37^2, 41^2, 43^2. Next is 47^2=2209.",Hard,2,-0.5,60,en,2026,Practice,Original AI,"hard,prime_squares",active
SSC CGL Tier I,Reasoning,Number series,Squares & Cubes Series,mcq,"Series: 961, 1369, 1681, 1849, 2209, ?",2811,2808,2809,2814,C,"Terms are squares of consecutive primes: 31^2, 37^2, 41^2, 43^2, 47^2. Next is 53^2=2809.",Hard,2,-0.5,60,en,2026,Practice,Original AI,"hard,prime_squares",active
SSC CGL Tier I,Reasoning,Number series,Squares & Cubes Series,mcq,"Series: 1369, 1681, 1849, 2209, 2809, ?",3481,3476,3486,3483,A,"Terms are squares of consecutive primes: 37^2, 41^2, 43^2, 47^2, 53^2. Next is 59^2=3481.",Hard,2,-0.5,60,en,2026,Practice,Original AI,"hard,prime_squares",active
SSC CGL Tier I,Reasoning,Number series,Squares & Cubes Series,mcq,"Series: 1681, 1849, 2209, 2809, 3481, ?",3726,3722,3721,3719,C,"Terms are squares of consecutive primes: 41^2, 43^2, 47^2, 53^2, 59^2. Next is 61^2=3721.",Hard,2,-0.5,60,en,2026,Practice,Original AI,"hard,prime_squares",active
SSC CGL Tier I,Reasoning,Number series,Squares & Cubes Series,mcq,"Series: 1849, 2209, 2809, 3481, 3721, ?",4489,4484,4488,4494,A,"Terms are squares of consecutive primes: 43^2, 47^2, 53^2, 59^2, 61^2. Next is 67^2=4489.",Hard,2,-0.5,60,en,2026,Practice,Original AI,"hard,prime_squares",active
SSC CGL Tier I,Reasoning,Number series,Squares & Cubes Series,mcq,"Series: 2209, 2809, 3481, 3721, 4489, ?",5043,5041,5051,5046,B,"Terms are squares of consecutive primes: 47^2, 53^2, 59^2, 61^2, 67^2. Next is 71^2=5041.",Hard,2,-0.5,60,en,2026,Practice,Original AI,"hard,prime_squares",active
SSC CGL Tier I,Reasoning,Number series,Squares & Cubes Series,mcq,"Series: 4, 9, 25, 49, 121, ?",179,168,169,171,C,"Terms are squares of consecutive primes: 2^2, 3^2, 5^2, 7^2, 11^2. Next is 13^2=169.",Hard,2,-0.5,60,en,2026,Practice,Original AI,"hard,prime_squares",active
SSC CGL Tier I,Reasoning,Number series,Miscellaneous Series,mcq,"Series: 19, 29, 40, 44, 52, ?",69,54,57,59,D,Next term is current + sum of its digits. Digit sum of 52 is 7. 52+7=59.,Hard,2,-0.5,60,en,2026,Practice,Original AI,"hard,digit_sum",active
SSC CGL Tier I,Reasoning,Number series,Miscellaneous Series,mcq,"Series: 28, 38, 49, 62, 70, ?",87,79,77,82,C,Next term is current + sum of its digits. Digit sum of 70 is 7. 70+7=77.,Hard,2,-0.5,60,en,2026,Practice,Original AI,"hard,digit_sum",active
SSC CGL Tier I,Reasoning,Number series,Miscellaneous Series,mcq,"Series: 37, 47, 58, 71, 79, ?",85,95,100,94,B,Next term is current + sum of its digits. Digit sum of 79 is 16. 79+16=95.,Hard,2,-0.5,60,en,2026,Practice,Original AI,"hard,digit_sum",active
SSC CGL Tier I,Reasoning,Number series,Miscellaneous Series,mcq,"Series: 46, 56, 67, 80, 88, ?",104,114,109,94,A,Next term is current + sum of its digits. Digit sum of 88 is 16. 88+16=104.,Hard,2,-0.5,60,en,2026,Practice,Original AI,"hard,digit_sum",active
SSC CGL Tier I,Reasoning,Number series,Miscellaneous Series,mcq,"Series: 55, 65, 76, 89, 106, ?",113,123,114,103,A,Next term is current + sum of its digits. Digit sum of 106 is 7. 106+7=113.,Hard,2,-0.5,60,en,2026,Practice,Original AI,"hard,digit_sum",active
SSC CGL Tier I,Reasoning,Number series,Miscellaneous Series,mcq,"Series: 64, 74, 85, 98, 115, ?",120,123,122,132,C,Next term is current + sum of its digits. Digit sum of 115 is 7. 115+7=122.,Hard,2,-0.5,60,en,2026,Practice,Original AI,"hard,digit_sum",active
SSC CGL Tier I,Reasoning,Number series,Miscellaneous Series,mcq,"Series: 73, 83, 94, 107, 115, ?",127,123,122,112,C,Next term is current + sum of its digits. Digit sum of 115 is 7. 115+7=122.,Hard,2,-0.5,60,en,2026,Practice,Original AI,"hard,digit_sum",active
SSC CGL Tier I,Reasoning,Number series,Miscellaneous Series,mcq,"Series: 82, 92, 103, 107, 115, ?",122,132,123,124,A,Next term is current + sum of its digits. Digit sum of 115 is 7. 115+7=122.,Hard,2,-0.5,60,en,2026,Practice,Original AI,"hard,digit_sum",active
SSC CGL Tier I,Reasoning,Number series,Miscellaneous Series,mcq,"Series: 91, 101, 103, 107, 115, ?",124,122,112,127,B,Next term is current + sum of its digits. Digit sum of 115 is 7. 115+7=122.,Hard,2,-0.5,60,en,2026,Practice,Original AI,"hard,digit_sum",active
SSC CGL Tier I,Reasoning,Number series,Miscellaneous Series,mcq,"Series: 100, 101, 103, 107, 115, ?",117,122,112,132,B,Next term is current + sum of its digits. Digit sum of 115 is 7. 115+7=122.,Hard,2,-0.5,60,en,2026,Practice,Original AI,"hard,digit_sum",active
SSC CGL Tier I,Reasoning,Number series,Miscellaneous Series,mcq,"Series: 109, 119, 130, 134, 142, ?",149,150,144,159,A,Next term is current + sum of its digits. Digit sum of 142 is 7. 142+7=149.,Hard,2,-0.5,60,en,2026,Practice,Original AI,"hard,digit_sum",active
SSC CGL Tier I,Reasoning,Number series,Miscellaneous Series,mcq,"Series: 118, 128, 139, 152, 160, ?",172,166,157,167,D,Next term is current + sum of its digits. Digit sum of 160 is 7. 160+7=167.,Hard,2,-0.5,60,en,2026,Practice,Original AI,"hard,digit_sum",active
SSC CGL Tier I,Reasoning,Number series,Miscellaneous Series,mcq,"Series: 127, 137, 148, 161, 169, ?",185,180,183,195,A,Next term is current + sum of its digits. Digit sum of 169 is 16. 169+16=185.,Hard,2,-0.5,60,en,2026,Practice,Original AI,"hard,digit_sum",active
SSC CGL Tier I,Reasoning,Number series,Miscellaneous Series,mcq,"Series: 136, 146, 157, 170, 178, ?",204,194,184,195,B,Next term is current + sum of its digits. Digit sum of 178 is 16. 178+16=194.,Hard,2,-0.5,60,en,2026,Practice,Original AI,"hard,digit_sum",active
SSC CGL Tier I,Reasoning,Number series,Miscellaneous Series,mcq,"Series: 145, 155, 166, 179, 196, ?",222,217,211,212,D,Next term is current + sum of its digits. Digit sum of 196 is 16. 196+16=212.,Hard,2,-0.5,60,en,2026,Practice,Original AI,"hard,digit_sum",active
SSC CGL Tier I,Reasoning,Number series,Miscellaneous Series,mcq,"Series: 154, 164, 175, 188, 205, ?",210,214,212,213,C,Next term is current + sum of its digits. Digit sum of 205 is 7. 205+7=212.,Hard,2,-0.5,60,en,2026,Practice,Original AI,"hard,digit_sum",active
SSC CGL Tier I,Reasoning,Number series,Miscellaneous Series,mcq,"Series: 163, 173, 184, 197, 214, ?",223,219,226,221,D,Next term is current + sum of its digits. Digit sum of 214 is 7. 214+7=221.,Hard,2,-0.5,60,en,2026,Practice,Original AI,"hard,digit_sum",active
SSC CGL Tier I,Reasoning,Number series,Miscellaneous Series,mcq,"Series: 172, 182, 193, 206, 214, ?",219,231,221,222,C,Next term is current + sum of its digits. Digit sum of 214 is 7. 214+7=221.,Hard,2,-0.5,60,en,2026,Practice,Original AI,"hard,digit_sum",active
SSC CGL Tier I,Reasoning,Number series,Miscellaneous Series,mcq,"Series: 181, 191, 202, 206, 214, ?",222,221,220,219,B,Next term is current + sum of its digits. Digit sum of 214 is 7. 214+7=221.,Hard,2,-0.5,60,en,2026,Practice,Original AI,"hard,digit_sum",active
SSC CGL Tier I,Reasoning,Number series,Miscellaneous Series,mcq,"Series: 190, 200, 202, 206, 214, ?",216,226,211,221,D,Next term is current + sum of its digits. Digit sum of 214 is 7. 214+7=221.,Hard,2,-0.5,60,en,2026,Practice,Original AI,"hard,digit_sum",active
SSC CGL Tier I,Reasoning,Number series,Miscellaneous Series,mcq,"Series: 199, 218, 229, 242, 250, ?",257,259,255,256,A,Next term is current + sum of its digits. Digit sum of 250 is 7. 250+7=257.,Hard,2,-0.5,60,en,2026,Practice,Original AI,"hard,digit_sum",active
SSC CGL Tier I,Reasoning,Number series,Miscellaneous Series,mcq,"Series: 208, 218, 229, 242, 250, ?",257,259,252,258,A,Next term is current + sum of its digits. Digit sum of 250 is 7. 250+7=257.,Hard,2,-0.5,60,en,2026,Practice,Original AI,"hard,digit_sum",active
SSC CGL Tier I,Reasoning,Number series,Miscellaneous Series,mcq,"Series: 217, 227, 238, 251, 259, ?",275,273,274,285,A,Next term is current + sum of its digits. Digit sum of 259 is 16. 259+16=275.,Hard,2,-0.5,60,en,2026,Practice,Original AI,"hard,digit_sum",active
SSC CGL Tier I,Reasoning,Number series,Miscellaneous Series,mcq,"Series: 226, 236, 247, 260, 268, ?",279,289,284,294,C,Next term is current + sum of its digits. Digit sum of 268 is 16. 268+16=284.,Hard,2,-0.5,60,en,2026,Practice,Original AI,"hard,digit_sum",active
SSC CGL Tier I,Reasoning,Number series,Miscellaneous Series,mcq,"Series: 235, 245, 256, 269, 286, ?",292,301,304,302,D,Next term is current + sum of its digits. Digit sum of 286 is 16. 286+16=302.,Hard,2,-0.5,60,en,2026,Practice,Original AI,"hard,digit_sum",active
SSC CGL Tier I,Reasoning,Number series,Miscellaneous Series,mcq,"Series: 244, 254, 265, 278, 295, ?",311,316,312,306,A,Next term is current + sum of its digits. Digit sum of 295 is 16. 295+16=311.,Hard,2,-0.5,60,en,2026,Practice,Original AI,"hard,digit_sum",active
SSC CGL Tier I,Reasoning,Number series,Miscellaneous Series,mcq,"Series: 253, 263, 274, 287, 304, ?",321,311,316,312,B,Next term is current + sum of its digits. Digit sum of 304 is 7. 304+7=311.,Hard,2,-0.5,60,en,2026,Practice,Original AI,"hard,digit_sum",active
SSC CGL Tier I,Reasoning,Number series,Miscellaneous Series,mcq,"Series: 262, 272, 283, 296, 313, ?",322,315,310,320,D,Next term is current + sum of its digits. Digit sum of 313 is 7. 313+7=320.,Hard,2,-0.5,60,en,2026,Practice,Original AI,"hard,digit_sum",active
SSC CGL Tier I,Reasoning,Number series,Miscellaneous Series,mcq,"Series: 271, 281, 292, 305, 313, ?",310,315,330,320,D,Next term is current + sum of its digits. Digit sum of 313 is 7. 313+7=320.,Hard,2,-0.5,60,en,2026,Practice,Original AI,"hard,digit_sum",active
SSC CGL Tier I,Reasoning,Number series,Miscellaneous Series,mcq,"Series: 280, 290, 301, 305, 313, ?",321,325,330,320,D,Next term is current + sum of its digits. Digit sum of 313 is 7. 313+7=320.,Hard,2,-0.5,60,en,2026,Practice,Original AI,"hard,digit_sum",active
